[{"model": "auth.permission", "pk": 1, "fields": {"name": "Can add log entry", "content_type": 1, "codename": "add_logentry"}}, {"model": "auth.permission", "pk": 2, "fields": {"name": "Can change log entry", "content_type": 1, "codename": "change_logentry"}}, {"model": "auth.permission", "pk": 3, "fields": {"name": "Can delete log entry", "content_type": 1, "codename": "delete_logentry"}}, {"model": "auth.permission", "pk": 4, "fields": {"name": "Can view log entry", "content_type": 1, "codename": "view_logentry"}}, {"model": "auth.permission", "pk": 5, "fields": {"name": "Can add permission", "content_type": 2, "codename": "add_permission"}}, {"model": "auth.permission", "pk": 6, "fields": {"name": "Can change permission", "content_type": 2, "codename": "change_permission"}}, {"model": "auth.permission", "pk": 7, "fields": {"name": "Can delete permission", "content_type": 2, "codename": "delete_permission"}}, {"model": "auth.permission", "pk": 8, "fields": {"name": "Can view permission", "content_type": 2, "codename": "view_permission"}}, {"model": "auth.permission", "pk": 9, "fields": {"name": "Can add group", "content_type": 3, "codename": "add_group"}}, {"model": "auth.permission", "pk": 10, "fields": {"name": "Can change group", "content_type": 3, "codename": "change_group"}}, {"model": "auth.permission", "pk": 11, "fields": {"name": "Can delete group", "content_type": 3, "codename": "delete_group"}}, {"model": "auth.permission", "pk": 12, "fields": {"name": "Can view group", "content_type": 3, "codename": "view_group"}}, {"model": "auth.permission", "pk": 13, "fields": {"name": "Can add user", "content_type": 4, "codename": "add_user"}}, {"model": "auth.permission", "pk": 14, "fields": {"name": "Can change user", "content_type": 4, "codename": "change_user"}}, {"model": "auth.permission", "pk": 15, "fields": {"name": "Can delete user", "content_type": 4, "codename": "delete_user"}}, {"model": "auth.permission", "pk": 16, "fields": {"name": "Can view user", "content_type": 4, "codename": "view_user"}}, {"model": "auth.permission", "pk": 17, "fields": {"name": "Can add content type", "content_type": 5, "codename": "add_contenttype"}}, {"model": "auth.permission", "pk": 18, "fields": {"name": "Can change content type", "content_type": 5, "codename": "change_contenttype"}}, {"model": "auth.permission", "pk": 19, "fields": {"name": "Can delete content type", "content_type": 5, "codename": "delete_contenttype"}}, {"model": "auth.permission", "pk": 20, "fields": {"name": "Can view content type", "content_type": 5, "codename": "view_contenttype"}}, {"model": "auth.permission", "pk": 21, "fields": {"name": "Can add session", "content_type": 6, "codename": "add_session"}}, {"model": "auth.permission", "pk": 22, "fields": {"name": "Can change session", "content_type": 6, "codename": "change_session"}}, {"model": "auth.permission", "pk": 23, "fields": {"name": "Can delete session", "content_type": 6, "codename": "delete_session"}}, {"model": "auth.permission", "pk": 24, "fields": {"name": "Can view session", "content_type": 6, "codename": "view_session"}}, {"model": "auth.permission", "pk": 25, "fields": {"name": "Can add contacts", "content_type": 7, "codename": "add_contacts"}}, {"model": "auth.permission", "pk": 26, "fields": {"name": "Can change contacts", "content_type": 7, "codename": "change_contacts"}}, {"model": "auth.permission", "pk": 27, "fields": {"name": "Can delete contacts", "content_type": 7, "codename": "delete_contacts"}}, {"model": "auth.permission", "pk": 28, "fields": {"name": "Can view contacts", "content_type": 7, "codename": "view_contacts"}}, {"model": "auth.permission", "pk": 29, "fields": {"name": "Can add calendar", "content_type": 8, "codename": "add_calendar"}}, {"model": "auth.permission", "pk": 30, "fields": {"name": "Can change calendar", "content_type": 8, "codename": "change_calendar"}}, {"model": "auth.permission", "pk": 31, "fields": {"name": "Can delete calendar", "content_type": 8, "codename": "delete_calendar"}}, {"model": "auth.permission", "pk": 32, "fields": {"name": "Can view calendar", "content_type": 8, "codename": "view_calendar"}}, {"model": "auth.permission", "pk": 33, "fields": {"name": "Can add meets", "content_type": 9, "codename": "add_meets"}}, {"model": "auth.permission", "pk": 34, "fields": {"name": "Can change meets", "content_type": 9, "codename": "change_meets"}}, {"model": "auth.permission", "pk": 35, "fields": {"name": "Can delete meets", "content_type": 9, "codename": "delete_meets"}}, {"model": "auth.permission", "pk": 36, "fields": {"name": "Can view meets", "content_type": 9, "codename": "view_meets"}}, {"model": "auth.permission", "pk": 37, "fields": {"name": "Can add invitee", "content_type": 10, "codename": "add_invitee"}}, {"model": "auth.permission", "pk": 38, "fields": {"name": "Can change invitee", "content_type": 10, "codename": "change_invitee"}}, {"model": "auth.permission", "pk": 39, "fields": {"name": "Can delete invitee", "content_type": 10, "codename": "delete_invitee"}}, {"model": "auth.permission", "pk": 40, "fields": {"name": "Can view invitee", "content_type": 10, "codename": "view_invitee"}}, {"model": "auth.permission", "pk": 41, "fields": {"name": "Can add availability", "content_type": 11, "codename": "add_availability"}}, {"model": "auth.permission", "pk": 42, "fields": {"name": "Can change availability", "content_type": 11, "codename": "change_availability"}}, {"model": "auth.permission", "pk": 43, "fields": {"name": "Can delete availability", "content_type": 11, "codename": "delete_availability"}}, {"model": "auth.permission", "pk": 44, "fields": {"name": "Can view availability", "content_type": 11, "codename": "view_availability"}}, {"model": "auth.permission", "pk": 45, "fields": {"name": "Can add profile", "content_type": 12, "codename": "add_profile"}}, {"model": "auth.permission", "pk": 46, "fields": {"name": "Can change profile", "content_type": 12, "codename": "change_profile"}}, {"model": "auth.permission", "pk": 47, "fields": {"name": "Can delete profile", "content_type": 12, "codename": "delete_profile"}}, {"model": "auth.permission", "pk": 48, "fields": {"name": "Can view profile", "content_type": 12, "codename": "view_profile"}}, {"model": "auth.permission", "pk": 49, "fields": {"name": "Can add Token", "content_type": 13, "codename": "add_token"}}, {"model": "auth.permission", "pk": 50, "fields": {"name": "Can change Token", "content_type": 13, "codename": "change_token"}}, {"model": "auth.permission", "pk": 51, "fields": {"name": "Can delete Token", "content_type": 13, "codename": "delete_token"}}, {"model": "auth.permission", "pk": 52, "fields": {"name": "Can view Token", "content_type": 13, "codename": "view_token"}}, {"model": "auth.permission", "pk": 53, "fields": {"name": "Can add token", "content_type": 14, "codename": "add_tokenproxy"}}, {"model": "auth.permission", "pk": 54, "fields": {"name": "Can change token", "content_type": 14, "codename": "change_tokenproxy"}}, {"model": "auth.permission", "pk": 55, "fields": {"name": "Can delete token", "content_type": 14, "codename": "delete_tokenproxy"}}, {"model": "auth.permission", "pk": 56, "fields": {"name": "Can view token", "content_type": 14, "codename": "view_tokenproxy"}}, {"model": "auth.user", "pk": 1, "fields": {"password": "pbkdf2_sha256$600000$1fZyZR1sV8bBRpK9wYGIGy$dQnbw8lgLlKGuH3Edd8JsPpqXZ2GhtiF6fZClwhAV80=", "last_login": null, "is_superuser": false, "username": "HLeiTR", "first_name": "Ray", "last_name": "Hung", "email": "sy.hung@mail.utoronto.ca", "is_staff": false, "is_active": true, "date_joined": "2024-04-09T20:33:20.977Z", "groups": [], "user_permissions": []}}, {"model": "auth.user", "pk": 2, "fields": {"password": "pbkdf2_sha256$600000$yKDEOiqVifHdpp6GEYvDgI$V/MSRo6gn+IODfYSB2sBDZNEKElUyWTWMdmbx23Ikzk=", "last_login": null, "is_superuser": false, "username": "qinyuan6", "first_name": "Autumn", "last_name": "Qin", "email": "yyuanqinn@gmail.com", "is_staff": false, "is_active": true, "date_joined": "2024-04-09T20:34:58.582Z", "groups": [], "user_permissions": []}}, {"model": "auth.user", "pk": 3, "fields": {"password": "pbkdf2_sha256$600000$12a70ht2NDscqoxqZNZQjY$tRlFcL8bZrtF8eAssvNfN+YswAVOFgrnMsSiiWnEJno=", "last_login": null, "is_superuser": false, "username": "ray2", "first_name": "ShouYi", "last_name": "Hung", "email": "xxleitinxx@gmail.com", "is_staff": false, "is_active": true, "date_joined": "2024-04-09T20:35:48.215Z", "groups": [], "user_permissions": []}}, {"model": "auth.user", "pk": 4, "fields": {"password": "pbkdf2_sha256$600000$Ff7iwzkMf3wl1JywQ2zPIj$6qtXgFmz2GDHQPjHfFY51fZahzUp82YcEyW0q7Z/G10=", "last_login": null, "is_superuser": false, "username": "zhaoxili", "first_name": "Will", "last_name": "Zhao", "email": "xilingzhao16@gmail.com", "is_staff": false, "is_active": true, "date_joined": "2024-04-09T20:36:45.985Z", "groups": [], "user_permissions": []}}, {"model": "auth.user", "pk": 5, "fields": {"password": "pbkdf2_sha256$600000$eXvOrWdAANFuOGqUWux8Cy$bv3fs/JMerafuQkU9Qgf5W6SD3DuoLM2G2q5/QA+UVA=", "last_login": null, "is_superuser": false, "username": "ray3", "first_name": "Ray", "last_name": "Again", "email": "2747544798@qq.com", "is_staff": false, "is_active": true, "date_joined": "2024-04-09T20:37:51.080Z", "groups": [], "user_permissions": []}}, {"model": "contenttypes.contenttype", "pk": 1, "fields": {"app_label": "admin", "model": "logentry"}}, {"model": "contenttypes.contenttype", "pk": 2, "fields": {"app_label": "auth", "model": "permission"}}, {"model": "contenttypes.contenttype", "pk": 3, "fields": {"app_label": "auth", "model": "group"}}, {"model": "contenttypes.contenttype", "pk": 4, "fields": {"app_label": "auth", "model": "user"}}, {"model": "contenttypes.contenttype", "pk": 5, "fields": {"app_label": "contenttypes", "model": "contenttype"}}, {"model": "contenttypes.contenttype", "pk": 6, "fields": {"app_label": "sessions", "model": "session"}}, {"model": "contenttypes.contenttype", "pk": 7, "fields": {"app_label": "contacts", "model": "contacts"}}, {"model": "contenttypes.contenttype", "pk": 8, "fields": {"app_label": "calendars", "model": "calendar"}}, {"model": "contenttypes.contenttype", "pk": 9, "fields": {"app_label": "calendars", "model": "meets"}}, {"model": "contenttypes.contenttype", "pk": 10, "fields": {"app_label": "calendars", "model": "invitee"}}, {"model": "contenttypes.contenttype", "pk": 11, "fields": {"app_label": "calendars", "model": "availability"}}, {"model": "contenttypes.contenttype", "pk": 12, "fields": {"app_label": "accounts", "model": "profile"}}, {"model": "contenttypes.contenttype", "pk": 13, "fields": {"app_label": "authtoken", "model": "token"}}, {"model": "contenttypes.contenttype", "pk": 14, "fields": {"app_label": "authtoken", "model": "tokenproxy"}}, {"model": "contacts.contacts", "pk": 1, "fields": {"requester": 1, "requested": 3, "accepted": true}}, {"model": "contacts.contacts", "pk": 2, "fields": {"requester": 1, "requested": 4, "accepted": true}}, {"model": "contacts.contacts", "pk": 3, "fields": {"requester": 1, "requested": 5, "accepted": true}}, {"model": "contacts.contacts", "pk": 4, "fields": {"requester": 5, "requested": 3, "accepted": true}}, {"model": "contacts.contacts", "pk": 5, "fields": {"requester": 2, "requested": 4, "accepted": true}}, {"model": "contacts.contacts", "pk": 6, "fields": {"requester": 1, "requested": 2, "accepted": true}}, {"model": "calendars.calendar", "pk": 1, "fields": {"owner": 1, "name": "CSC420 Review Session", "start_date": "2024-04-01", "end_date": "2024-04-20", "finalized": false}}, {"model": "calendars.calendar", "pk": 3, "fields": {"owner": 1, "name": "Private Tutor for CSC369", "start_date": "2023-09-01", "end_date": "2023-09-14", "finalized": true}}, {"model": "calendars.calendar", "pk": 4, "fields": {"owner": 4, "name": "Play Lethal Company", "start_date": "2024-04-20", "end_date": "2024-04-25", "finalized": false}}, {"model": "calendars.calendar", "pk": 5, "fields": {"owner": 3, "name": "Technical Interview", "start_date": "2024-02-01", "end_date": "2024-02-14", "finalized": false}}, {"model": "calendars.availability", "pk": 32, "fields": {"calendar": 3, "user": 1, "start_period": "2023-09-01T14:00:00Z", "end_period": "2023-09-01T14:59:00Z", "preference": 3}}, {"model": "calendars.availability", "pk": 33, "fields": {"calendar": 3, "user": 1, "start_period": "2023-09-01T15:00:00Z", "end_period": "2023-09-01T15:59:00Z", "preference": 3}}, {"model": "calendars.availability", "pk": 34, "fields": {"calendar": 3, "user": 1, "start_period": "2023-09-01T17:00:00Z", "end_period": "2023-09-01T17:59:00Z", "preference": 3}}, {"model": "calendars.availability", "pk": 35, "fields": {"calendar": 3, "user": 1, "start_period": "2023-09-01T16:00:00Z", "end_period": "2023-09-01T16:59:00Z", "preference": 3}}, {"model": "calendars.availability", "pk": 36, "fields": {"calendar": 3, "user": 1, "start_period": "2023-09-01T19:00:00Z", "end_period": "2023-09-01T19:59:00Z", "preference": 3}}, {"model": "calendars.availability", "pk": 37, "fields": {"calendar": 3, "user": 1, "start_period": "2023-09-01T20:00:00Z", "end_period": "2023-09-01T20:59:00Z", "preference": 3}}, {"model": "calendars.availability", "pk": 38, "fields": {"calendar": 3, "user": 1, "start_period": "2023-09-01T13:00:00Z", "end_period": "2023-09-01T13:59:00Z", "preference": 3}}, {"model": "calendars.availability", "pk": 39, "fields": {"calendar": 3, "user": 1, "start_period": "2023-09-01T23:00:00Z", "end_period": "2023-09-01T23:59:00Z", "preference": 3}}, {"model": "calendars.availability", "pk": 40, "fields": {"calendar": 3, "user": 1, "start_period": "2023-09-01T18:00:00Z", "end_period": "2023-09-01T18:59:00Z", "preference": 3}}, {"model": "calendars.availability", "pk": 41, "fields": {"calendar": 3, "user": 1, "start_period": "2023-09-02T00:00:00Z", "end_period": "2023-09-02T00:59:00Z", "preference": 3}}, {"model": "calendars.availability", "pk": 42, "fields": {"calendar": 3, "user": 1, "start_period": "2023-09-02T13:00:00Z", "end_period": "2023-09-02T13:59:00Z", "preference": 2}}, {"model": "calendars.availability", "pk": 43, "fields": {"calendar": 3, "user": 1, "start_period": "2023-09-02T01:00:00Z", "end_period": "2023-09-02T01:59:00Z", "preference": 3}}, {"model": "calendars.availability", "pk": 44, "fields": {"calendar": 3, "user": 1, "start_period": "2023-09-02T14:00:00Z", "end_period": "2023-09-02T14:59:00Z", "preference": 2}}, {"model": "calendars.availability", "pk": 45, "fields": {"calendar": 3, "user": 1, "start_period": "2023-09-01T21:00:00Z", "end_period": "2023-09-01T21:59:00Z", "preference": 3}}, {"model": "calendars.availability", "pk": 46, "fields": {"calendar": 3, "user": 1, "start_period": "2023-09-02T16:00:00Z", "end_period": "2023-09-02T16:59:00Z", "preference": 2}}, {"model": "calendars.availability", "pk": 47, "fields": {"calendar": 3, "user": 1, "start_period": "2023-09-02T15:00:00Z", "end_period": "2023-09-02T15:59:00Z", "preference": 2}}, {"model": "calendars.availability", "pk": 48, "fields": {"calendar": 3, "user": 1, "start_period": "2023-09-02T18:00:00Z", "end_period": "2023-09-02T18:59:00Z", "preference": 2}}, {"model": "calendars.availability", "pk": 49, "fields": {"calendar": 3, "user": 1, "start_period": "2023-09-02T17:00:00Z", "end_period": "2023-09-02T17:59:00Z", "preference": 2}}, {"model": "calendars.availability", "pk": 50, "fields": {"calendar": 3, "user": 1, "start_period": "2023-09-02T20:00:00Z", "end_period": "2023-09-02T20:59:00Z", "preference": 2}}, {"model": "calendars.availability", "pk": 51, "fields": {"calendar": 3, "user": 1, "start_period": "2023-09-02T19:00:00Z", "end_period": "2023-09-02T19:59:00Z", "preference": 2}}, {"model": "calendars.availability", "pk": 52, "fields": {"calendar": 3, "user": 1, "start_period": "2023-09-02T21:00:00Z", "end_period": "2023-09-02T21:59:00Z", "preference": 2}}, {"model": "calendars.availability", "pk": 53, "fields": {"calendar": 3, "user": 1, "start_period": "2023-09-02T22:00:00Z", "end_period": "2023-09-02T22:59:00Z", "preference": 2}}, {"model": "calendars.availability", "pk": 54, "fields": {"calendar": 3, "user": 1, "start_period": "2023-09-02T23:00:00Z", "end_period": "2023-09-02T23:59:00Z", "preference": 2}}, {"model": "calendars.availability", "pk": 55, "fields": {"calendar": 3, "user": 1, "start_period": "2023-09-01T22:00:00Z", "end_period": "2023-09-01T22:59:00Z", "preference": 3}}, {"model": "calendars.availability", "pk": 56, "fields": {"calendar": 3, "user": 1, "start_period": "2023-09-03T00:00:00Z", "end_period": "2023-09-03T00:59:00Z", "preference": 2}}, {"model": "calendars.availability", "pk": 57, "fields": {"calendar": 3, "user": 1, "start_period": "2023-09-03T14:00:00Z", "end_period": "2023-09-03T14:59:00Z", "preference": 1}}, {"model": "calendars.availability", "pk": 58, "fields": {"calendar": 3, "user": 1, "start_period": "2023-09-03T13:00:00Z", "end_period": "2023-09-03T13:59:00Z", "preference": 1}}, {"model": "calendars.availability", "pk": 59, "fields": {"calendar": 3, "user": 1, "start_period": "2023-09-03T01:00:00Z", "end_period": "2023-09-03T01:59:00Z", "preference": 2}}, {"model": "calendars.availability", "pk": 60, "fields": {"calendar": 3, "user": 1, "start_period": "2023-09-03T15:00:00Z", "end_period": "2023-09-03T15:59:00Z", "preference": 1}}, {"model": "calendars.availability", "pk": 61, "fields": {"calendar": 3, "user": 1, "start_period": "2023-09-03T16:00:00Z", "end_period": "2023-09-03T16:59:00Z", "preference": 1}}, {"model": "calendars.availability", "pk": 62, "fields": {"calendar": 3, "user": 1, "start_period": "2023-09-03T18:00:00Z", "end_period": "2023-09-03T18:59:00Z", "preference": 1}}, {"model": "calendars.availability", "pk": 63, "fields": {"calendar": 3, "user": 1, "start_period": "2023-09-03T19:00:00Z", "end_period": "2023-09-03T19:59:00Z", "preference": 1}}, {"model": "calendars.availability", "pk": 64, "fields": {"calendar": 3, "user": 1, "start_period": "2023-09-03T21:00:00Z", "end_period": "2023-09-03T21:59:00Z", "preference": 1}}, {"model": "calendars.availability", "pk": 65, "fields": {"calendar": 3, "user": 1, "start_period": "2023-09-03T17:00:00Z", "end_period": "2023-09-03T17:59:00Z", "preference": 1}}, {"model": "calendars.availability", "pk": 66, "fields": {"calendar": 3, "user": 1, "start_period": "2023-09-03T22:00:00Z", "end_period": "2023-09-03T22:59:00Z", "preference": 1}}, {"model": "calendars.availability", "pk": 67, "fields": {"calendar": 3, "user": 1, "start_period": "2023-09-04T00:00:00Z", "end_period": "2023-09-04T00:59:00Z", "preference": 1}}, {"model": "calendars.availability", "pk": 68, "fields": {"calendar": 3, "user": 1, "start_period": "2023-09-03T23:00:00Z", "end_period": "2023-09-03T23:59:00Z", "preference": 1}}, {"model": "calendars.availability", "pk": 69, "fields": {"calendar": 3, "user": 1, "start_period": "2023-09-03T20:00:00Z", "end_period": "2023-09-03T20:59:00Z", "preference": 1}}, {"model": "calendars.availability", "pk": 70, "fields": {"calendar": 3, "user": 1, "start_period": "2023-09-04T01:00:00Z", "end_period": "2023-09-04T01:59:00Z", "preference": 1}}, {"model": "calendars.availability", "pk": 71, "fields": {"calendar": 3, "user": 1, "start_period": "2023-09-08T13:00:00Z", "end_period": "2023-09-08T13:59:00Z", "preference": 3}}, {"model": "calendars.availability", "pk": 72, "fields": {"calendar": 3, "user": 1, "start_period": "2023-09-08T14:00:00Z", "end_period": "2023-09-08T14:59:00Z", "preference": 3}}, {"model": "calendars.availability", "pk": 73, "fields": {"calendar": 3, "user": 1, "start_period": "2023-09-08T16:00:00Z", "end_period": "2023-09-08T16:59:00Z", "preference": 3}}, {"model": "calendars.availability", "pk": 74, "fields": {"calendar": 3, "user": 1, "start_period": "2023-09-08T17:00:00Z", "end_period": "2023-09-08T17:59:00Z", "preference": 3}}, {"model": "calendars.availability", "pk": 75, "fields": {"calendar": 3, "user": 1, "start_period": "2023-09-08T15:00:00Z", "end_period": "2023-09-08T15:59:00Z", "preference": 3}}, {"model": "calendars.availability", "pk": 76, "fields": {"calendar": 3, "user": 1, "start_period": "2023-09-08T19:00:00Z", "end_period": "2023-09-08T19:59:00Z", "preference": 3}}, {"model": "calendars.availability", "pk": 77, "fields": {"calendar": 3, "user": 1, "start_period": "2023-09-08T18:00:00Z", "end_period": "2023-09-08T18:59:00Z", "preference": 3}}, {"model": "calendars.availability", "pk": 78, "fields": {"calendar": 3, "user": 1, "start_period": "2023-09-08T20:00:00Z", "end_period": "2023-09-08T20:59:00Z", "preference": 3}}, {"model": "calendars.availability", "pk": 79, "fields": {"calendar": 3, "user": 1, "start_period": "2023-09-08T21:00:00Z", "end_period": "2023-09-08T21:59:00Z", "preference": 3}}, {"model": "calendars.availability", "pk": 80, "fields": {"calendar": 3, "user": 1, "start_period": "2023-09-08T22:00:00Z", "end_period": "2023-09-08T22:59:00Z", "preference": 3}}, {"model": "calendars.availability", "pk": 81, "fields": {"calendar": 3, "user": 1, "start_period": "2023-09-08T23:00:00Z", "end_period": "2023-09-08T23:59:00Z", "preference": 3}}, {"model": "calendars.availability", "pk": 82, "fields": {"calendar": 3, "user": 1, "start_period": "2023-09-09T00:00:00Z", "end_period": "2023-09-09T00:59:00Z", "preference": 3}}, {"model": "calendars.availability", "pk": 83, "fields": {"calendar": 3, "user": 1, "start_period": "2023-09-09T14:00:00Z", "end_period": "2023-09-09T14:59:00Z", "preference": 2}}, {"model": "calendars.availability", "pk": 84, "fields": {"calendar": 3, "user": 1, "start_period": "2023-09-09T01:00:00Z", "end_period": "2023-09-09T01:59:00Z", "preference": 3}}, {"model": "calendars.availability", "pk": 85, "fields": {"calendar": 3, "user": 1, "start_period": "2023-09-09T16:00:00Z", "end_period": "2023-09-09T16:59:00Z", "preference": 2}}, {"model": "calendars.availability", "pk": 86, "fields": {"calendar": 3, "user": 1, "start_period": "2023-09-09T15:00:00Z", "end_period": "2023-09-09T15:59:00Z", "preference": 2}}, {"model": "calendars.availability", "pk": 87, "fields": {"calendar": 3, "user": 1, "start_period": "2023-09-09T17:00:00Z", "end_period": "2023-09-09T17:59:00Z", "preference": 2}}, {"model": "calendars.availability", "pk": 88, "fields": {"calendar": 3, "user": 1, "start_period": "2023-09-09T18:00:00Z", "end_period": "2023-09-09T18:59:00Z", "preference": 2}}, {"model": "calendars.availability", "pk": 89, "fields": {"calendar": 3, "user": 1, "start_period": "2023-09-09T20:00:00Z", "end_period": "2023-09-09T20:59:00Z", "preference": 2}}, {"model": "calendars.availability", "pk": 90, "fields": {"calendar": 3, "user": 1, "start_period": "2023-09-09T19:00:00Z", "end_period": "2023-09-09T19:59:00Z", "preference": 2}}, {"model": "calendars.availability", "pk": 91, "fields": {"calendar": 3, "user": 1, "start_period": "2023-09-09T23:00:00Z", "end_period": "2023-09-09T23:59:00Z", "preference": 2}}, {"model": "calendars.availability", "pk": 92, "fields": {"calendar": 3, "user": 1, "start_period": "2023-09-10T00:00:00Z", "end_period": "2023-09-10T00:59:00Z", "preference": 2}}, {"model": "calendars.availability", "pk": 93, "fields": {"calendar": 3, "user": 1, "start_period": "2023-09-09T22:00:00Z", "end_period": "2023-09-09T22:59:00Z", "preference": 2}}, {"model": "calendars.availability", "pk": 94, "fields": {"calendar": 3, "user": 1, "start_period": "2023-09-10T01:00:00Z", "end_period": "2023-09-10T01:59:00Z", "preference": 2}}, {"model": "calendars.availability", "pk": 95, "fields": {"calendar": 3, "user": 1, "start_period": "2023-09-10T13:00:00Z", "end_period": "2023-09-10T13:59:00Z", "preference": 1}}, {"model": "calendars.availability", "pk": 96, "fields": {"calendar": 3, "user": 1, "start_period": "2023-09-10T15:00:00Z", "end_period": "2023-09-10T15:59:00Z", "preference": 1}}, {"model": "calendars.availability", "pk": 97, "fields": {"calendar": 3, "user": 1, "start_period": "2023-09-10T16:00:00Z", "end_period": "2023-09-10T16:59:00Z", "preference": 1}}, {"model": "calendars.availability", "pk": 98, "fields": {"calendar": 3, "user": 1, "start_period": "2023-09-10T14:00:00Z", "end_period": "2023-09-10T14:59:00Z", "preference": 1}}, {"model": "calendars.availability", "pk": 99, "fields": {"calendar": 3, "user": 1, "start_period": "2023-09-10T17:00:00Z", "end_period": "2023-09-10T17:59:00Z", "preference": 1}}, {"model": "calendars.availability", "pk": 100, "fields": {"calendar": 3, "user": 1, "start_period": "2023-09-10T19:00:00Z", "end_period": "2023-09-10T19:59:00Z", "preference": 1}}, {"model": "calendars.availability", "pk": 101, "fields": {"calendar": 3, "user": 1, "start_period": "2023-09-10T18:00:00Z", "end_period": "2023-09-10T18:59:00Z", "preference": 1}}, {"model": "calendars.availability", "pk": 102, "fields": {"calendar": 3, "user": 1, "start_period": "2023-09-10T20:00:00Z", "end_period": "2023-09-10T20:59:00Z", "preference": 1}}, {"model": "calendars.availability", "pk": 103, "fields": {"calendar": 3, "user": 1, "start_period": "2023-09-10T21:00:00Z", "end_period": "2023-09-10T21:59:00Z", "preference": 1}}, {"model": "calendars.availability", "pk": 104, "fields": {"calendar": 3, "user": 1, "start_period": "2023-09-10T22:00:00Z", "end_period": "2023-09-10T22:59:00Z", "preference": 1}}, {"model": "calendars.availability", "pk": 105, "fields": {"calendar": 3, "user": 1, "start_period": "2023-09-10T23:00:00Z", "end_period": "2023-09-10T23:59:00Z", "preference": 1}}, {"model": "calendars.availability", "pk": 106, "fields": {"calendar": 3, "user": 1, "start_period": "2023-09-11T00:00:00Z", "end_period": "2023-09-11T00:59:00Z", "preference": 1}}, {"model": "calendars.availability", "pk": 107, "fields": {"calendar": 3, "user": 1, "start_period": "2023-09-09T21:00:00Z", "end_period": "2023-09-09T21:59:00Z", "preference": 2}}, {"model": "calendars.availability", "pk": 108, "fields": {"calendar": 3, "user": 1, "start_period": "2023-09-11T01:00:00Z", "end_period": "2023-09-11T01:59:00Z", "preference": 1}}, {"model": "calendars.availability", "pk": 109, "fields": {"calendar": 3, "user": 1, "start_period": "2023-09-09T13:00:00Z", "end_period": "2023-09-09T13:59:00Z", "preference": 2}}, {"model": "calendars.availability", "pk": 110, "fields": {"calendar": 3, "user": 4, "start_period": "2023-09-02T13:00:00Z", "end_period": "2023-09-02T13:59:00Z", "preference": 2}}, {"model": "calendars.availability", "pk": 111, "fields": {"calendar": 3, "user": 4, "start_period": "2023-09-02T14:00:00Z", "end_period": "2023-09-02T14:59:00Z", "preference": 2}}, {"model": "calendars.availability", "pk": 112, "fields": {"calendar": 3, "user": 4, "start_period": "2023-09-01T14:00:00Z", "end_period": "2023-09-01T14:59:00Z", "preference": 2}}, {"model": "calendars.availability", "pk": 113, "fields": {"calendar": 3, "user": 4, "start_period": "2023-09-03T13:00:00Z", "end_period": "2023-09-03T13:59:00Z", "preference": 2}}, {"model": "calendars.availability", "pk": 114, "fields": {"calendar": 3, "user": 4, "start_period": "2023-09-01T15:00:00Z", "end_period": "2023-09-01T15:59:00Z", "preference": 2}}, {"model": "calendars.availability", "pk": 115, "fields": {"calendar": 3, "user": 4, "start_period": "2023-09-03T14:00:00Z", "end_period": "2023-09-03T14:59:00Z", "preference": 2}}, {"model": "calendars.availability", "pk": 116, "fields": {"calendar": 3, "user": 4, "start_period": "2023-09-03T15:00:00Z", "end_period": "2023-09-03T15:59:00Z", "preference": 2}}, {"model": "calendars.availability", "pk": 117, "fields": {"calendar": 3, "user": 4, "start_period": "2023-09-02T16:00:00Z", "end_period": "2023-09-02T16:59:00Z", "preference": 2}}, {"model": "calendars.availability", "pk": 118, "fields": {"calendar": 3, "user": 4, "start_period": "2023-09-03T17:00:00Z", "end_period": "2023-09-03T17:59:00Z", "preference": 2}}, {"model": "calendars.availability", "pk": 119, "fields": {"calendar": 3, "user": 4, "start_period": "2023-09-01T13:00:00Z", "end_period": "2023-09-01T13:59:00Z", "preference": 2}}, {"model": "calendars.availability", "pk": 120, "fields": {"calendar": 3, "user": 4, "start_period": "2023-09-01T17:00:00Z", "end_period": "2023-09-01T17:59:00Z", "preference": 2}}, {"model": "calendars.availability", "pk": 121, "fields": {"calendar": 3, "user": 4, "start_period": "2023-09-02T15:00:00Z", "end_period": "2023-09-02T15:59:00Z", "preference": 2}}, {"model": "calendars.availability", "pk": 122, "fields": {"calendar": 3, "user": 4, "start_period": "2023-09-01T16:00:00Z", "end_period": "2023-09-01T16:59:00Z", "preference": 2}}, {"model": "calendars.availability", "pk": 123, "fields": {"calendar": 3, "user": 4, "start_period": "2023-09-01T18:00:00Z", "end_period": "2023-09-01T18:59:00Z", "preference": 2}}, {"model": "calendars.availability", "pk": 124, "fields": {"calendar": 3, "user": 4, "start_period": "2023-09-03T16:00:00Z", "end_period": "2023-09-03T16:59:00Z", "preference": 2}}, {"model": "calendars.availability", "pk": 125, "fields": {"calendar": 3, "user": 4, "start_period": "2023-09-02T18:00:00Z", "end_period": "2023-09-02T18:59:00Z", "preference": 2}}, {"model": "calendars.availability", "pk": 126, "fields": {"calendar": 3, "user": 4, "start_period": "2023-09-02T17:00:00Z", "end_period": "2023-09-02T17:59:00Z", "preference": 2}}, {"model": "calendars.availability", "pk": 127, "fields": {"calendar": 3, "user": 4, "start_period": "2023-09-03T18:00:00Z", "end_period": "2023-09-03T18:59:00Z", "preference": 2}}, {"model": "calendars.availability", "pk": 128, "fields": {"calendar": 3, "user": 4, "start_period": "2023-09-01T19:00:00Z", "end_period": "2023-09-01T19:59:00Z", "preference": 2}}, {"model": "calendars.availability", "pk": 129, "fields": {"calendar": 3, "user": 4, "start_period": "2023-09-01T20:00:00Z", "end_period": "2023-09-01T20:59:00Z", "preference": 2}}, {"model": "calendars.availability", "pk": 130, "fields": {"calendar": 3, "user": 4, "start_period": "2023-09-03T19:00:00Z", "end_period": "2023-09-03T19:59:00Z", "preference": 2}}, {"model": "calendars.availability", "pk": 131, "fields": {"calendar": 3, "user": 4, "start_period": "2023-09-02T20:00:00Z", "end_period": "2023-09-02T20:59:00Z", "preference": 2}}, {"model": "calendars.availability", "pk": 132, "fields": {"calendar": 3, "user": 4, "start_period": "2023-09-03T20:00:00Z", "end_period": "2023-09-03T20:59:00Z", "preference": 2}}, {"model": "calendars.availability", "pk": 133, "fields": {"calendar": 3, "user": 4, "start_period": "2023-09-02T19:00:00Z", "end_period": "2023-09-02T19:59:00Z", "preference": 2}}, {"model": "calendars.availability", "pk": 134, "fields": {"calendar": 3, "user": 4, "start_period": "2023-09-01T21:00:00Z", "end_period": "2023-09-01T21:59:00Z", "preference": 2}}, {"model": "calendars.availability", "pk": 135, "fields": {"calendar": 3, "user": 4, "start_period": "2023-09-03T21:00:00Z", "end_period": "2023-09-03T21:59:00Z", "preference": 2}}, {"model": "calendars.availability", "pk": 136, "fields": {"calendar": 3, "user": 4, "start_period": "2023-09-01T22:00:00Z", "end_period": "2023-09-01T22:59:00Z", "preference": 2}}, {"model": "calendars.availability", "pk": 137, "fields": {"calendar": 3, "user": 4, "start_period": "2023-09-02T21:00:00Z", "end_period": "2023-09-02T21:59:00Z", "preference": 2}}, {"model": "calendars.availability", "pk": 138, "fields": {"calendar": 3, "user": 4, "start_period": "2023-09-03T22:00:00Z", "end_period": "2023-09-03T22:59:00Z", "preference": 2}}, {"model": "calendars.availability", "pk": 139, "fields": {"calendar": 3, "user": 4, "start_period": "2023-09-02T22:00:00Z", "end_period": "2023-09-02T22:59:00Z", "preference": 2}}, {"model": "calendars.availability", "pk": 140, "fields": {"calendar": 3, "user": 4, "start_period": "2023-09-03T23:00:00Z", "end_period": "2023-09-03T23:59:00Z", "preference": 2}}, {"model": "calendars.availability", "pk": 141, "fields": {"calendar": 3, "user": 4, "start_period": "2023-09-01T23:00:00Z", "end_period": "2023-09-01T23:59:00Z", "preference": 2}}, {"model": "calendars.availability", "pk": 142, "fields": {"calendar": 3, "user": 4, "start_period": "2023-09-02T23:00:00Z", "end_period": "2023-09-02T23:59:00Z", "preference": 2}}, {"model": "calendars.availability", "pk": 143, "fields": {"calendar": 3, "user": 4, "start_period": "2023-09-04T00:00:00Z", "end_period": "2023-09-04T00:59:00Z", "preference": 2}}, {"model": "calendars.availability", "pk": 144, "fields": {"calendar": 3, "user": 4, "start_period": "2023-09-03T00:00:00Z", "end_period": "2023-09-03T00:59:00Z", "preference": 2}}, {"model": "calendars.availability", "pk": 145, "fields": {"calendar": 3, "user": 4, "start_period": "2023-09-02T01:00:00Z", "end_period": "2023-09-02T01:59:00Z", "preference": 2}}, {"model": "calendars.availability", "pk": 146, "fields": {"calendar": 3, "user": 4, "start_period": "2023-09-04T01:00:00Z", "end_period": "2023-09-04T01:59:00Z", "preference": 2}}, {"model": "calendars.availability", "pk": 147, "fields": {"calendar": 3, "user": 4, "start_period": "2023-09-03T01:00:00Z", "end_period": "2023-09-03T01:59:00Z", "preference": 2}}, {"model": "calendars.availability", "pk": 148, "fields": {"calendar": 3, "user": 4, "start_period": "2023-09-10T13:00:00Z", "end_period": "2023-09-10T13:59:00Z", "preference": 1}}, {"model": "calendars.availability", "pk": 149, "fields": {"calendar": 3, "user": 4, "start_period": "2023-09-09T13:00:00Z", "end_period": "2023-09-09T13:59:00Z", "preference": 1}}, {"model": "calendars.availability", "pk": 150, "fields": {"calendar": 3, "user": 4, "start_period": "2023-09-09T14:00:00Z", "end_period": "2023-09-09T14:59:00Z", "preference": 1}}, {"model": "calendars.availability", "pk": 151, "fields": {"calendar": 3, "user": 4, "start_period": "2023-09-02T00:00:00Z", "end_period": "2023-09-02T00:59:00Z", "preference": 2}}, {"model": "calendars.availability", "pk": 152, "fields": {"calendar": 3, "user": 4, "start_period": "2023-09-10T15:00:00Z", "end_period": "2023-09-10T15:59:00Z", "preference": 1}}, {"model": "calendars.availability", "pk": 153, "fields": {"calendar": 3, "user": 4, "start_period": "2023-09-10T14:00:00Z", "end_period": "2023-09-10T14:59:00Z", "preference": 1}}, {"model": "calendars.availability", "pk": 154, "fields": {"calendar": 3, "user": 4, "start_period": "2023-09-09T16:00:00Z", "end_period": "2023-09-09T16:59:00Z", "preference": 1}}, {"model": "calendars.availability", "pk": 155, "fields": {"calendar": 3, "user": 4, "start_period": "2023-09-10T16:00:00Z", "end_period": "2023-09-10T16:59:00Z", "preference": 1}}, {"model": "calendars.availability", "pk": 156, "fields": {"calendar": 3, "user": 4, "start_period": "2023-09-09T17:00:00Z", "end_period": "2023-09-09T17:59:00Z", "preference": 1}}, {"model": "calendars.availability", "pk": 157, "fields": {"calendar": 3, "user": 4, "start_period": "2023-09-10T17:00:00Z", "end_period": "2023-09-10T17:59:00Z", "preference": 1}}, {"model": "calendars.availability", "pk": 158, "fields": {"calendar": 3, "user": 4, "start_period": "2023-09-09T18:00:00Z", "end_period": "2023-09-09T18:59:00Z", "preference": 1}}, {"model": "calendars.availability", "pk": 159, "fields": {"calendar": 3, "user": 4, "start_period": "2023-09-10T18:00:00Z", "end_period": "2023-09-10T18:59:00Z", "preference": 1}}, {"model": "calendars.availability", "pk": 160, "fields": {"calendar": 3, "user": 4, "start_period": "2023-09-09T19:00:00Z", "end_period": "2023-09-09T19:59:00Z", "preference": 1}}, {"model": "calendars.availability", "pk": 161, "fields": {"calendar": 3, "user": 4, "start_period": "2023-09-10T19:00:00Z", "end_period": "2023-09-10T19:59:00Z", "preference": 1}}, {"model": "calendars.availability", "pk": 162, "fields": {"calendar": 3, "user": 4, "start_period": "2023-09-09T20:00:00Z", "end_period": "2023-09-09T20:59:00Z", "preference": 1}}, {"model": "calendars.availability", "pk": 163, "fields": {"calendar": 3, "user": 4, "start_period": "2023-09-10T20:00:00Z", "end_period": "2023-09-10T20:59:00Z", "preference": 1}}, {"model": "calendars.availability", "pk": 164, "fields": {"calendar": 3, "user": 4, "start_period": "2023-09-09T21:00:00Z", "end_period": "2023-09-09T21:59:00Z", "preference": 1}}, {"model": "calendars.availability", "pk": 165, "fields": {"calendar": 3, "user": 4, "start_period": "2023-09-09T23:00:00Z", "end_period": "2023-09-09T23:59:00Z", "preference": 1}}, {"model": "calendars.availability", "pk": 166, "fields": {"calendar": 3, "user": 4, "start_period": "2023-09-10T21:00:00Z", "end_period": "2023-09-10T21:59:00Z", "preference": 1}}, {"model": "calendars.availability", "pk": 167, "fields": {"calendar": 3, "user": 4, "start_period": "2023-09-10T22:00:00Z", "end_period": "2023-09-10T22:59:00Z", "preference": 1}}, {"model": "calendars.availability", "pk": 168, "fields": {"calendar": 3, "user": 4, "start_period": "2023-09-09T15:00:00Z", "end_period": "2023-09-09T15:59:00Z", "preference": 1}}, {"model": "calendars.availability", "pk": 169, "fields": {"calendar": 3, "user": 4, "start_period": "2023-09-09T22:00:00Z", "end_period": "2023-09-09T22:59:00Z", "preference": 1}}, {"model": "calendars.availability", "pk": 170, "fields": {"calendar": 3, "user": 4, "start_period": "2023-09-11T00:00:00Z", "end_period": "2023-09-11T00:59:00Z", "preference": 1}}, {"model": "calendars.availability", "pk": 171, "fields": {"calendar": 3, "user": 4, "start_period": "2023-09-10T00:00:00Z", "end_period": "2023-09-10T00:59:00Z", "preference": 1}}, {"model": "calendars.availability", "pk": 172, "fields": {"calendar": 3, "user": 4, "start_period": "2023-09-10T23:00:00Z", "end_period": "2023-09-10T23:59:00Z", "preference": 1}}, {"model": "calendars.availability", "pk": 173, "fields": {"calendar": 3, "user": 4, "start_period": "2023-09-10T01:00:00Z", "end_period": "2023-09-10T01:59:00Z", "preference": 1}}, {"model": "calendars.availability", "pk": 174, "fields": {"calendar": 3, "user": 4, "start_period": "2023-09-11T01:00:00Z", "end_period": "2023-09-11T01:59:00Z", "preference": 1}}, {"model": "calendars.availability", "pk": 175, "fields": {"calendar": 3, "user": 2, "start_period": "2023-09-03T13:00:00Z", "end_period": "2023-09-03T13:59:00Z", "preference": 3}}, {"model": "calendars.availability", "pk": 176, "fields": {"calendar": 3, "user": 2, "start_period": "2023-09-03T18:00:00Z", "end_period": "2023-09-03T18:59:00Z", "preference": 3}}, {"model": "calendars.availability", "pk": 177, "fields": {"calendar": 3, "user": 2, "start_period": "2023-09-03T15:00:00Z", "end_period": "2023-09-03T15:59:00Z", "preference": 3}}, {"model": "calendars.availability", "pk": 178, "fields": {"calendar": 3, "user": 2, "start_period": "2023-09-03T14:00:00Z", "end_period": "2023-09-03T14:59:00Z", "preference": 3}}, {"model": "calendars.availability", "pk": 179, "fields": {"calendar": 3, "user": 2, "start_period": "2023-09-03T19:00:00Z", "end_period": "2023-09-03T19:59:00Z", "preference": 3}}, {"model": "calendars.availability", "pk": 180, "fields": {"calendar": 3, "user": 2, "start_period": "2023-09-03T16:00:00Z", "end_period": "2023-09-03T16:59:00Z", "preference": 3}}, {"model": "calendars.availability", "pk": 181, "fields": {"calendar": 3, "user": 2, "start_period": "2023-09-03T20:00:00Z", "end_period": "2023-09-03T20:59:00Z", "preference": 3}}, {"model": "calendars.availability", "pk": 182, "fields": {"calendar": 3, "user": 2, "start_period": "2023-09-03T21:00:00Z", "end_period": "2023-09-03T21:59:00Z", "preference": 3}}, {"model": "calendars.availability", "pk": 183, "fields": {"calendar": 3, "user": 2, "start_period": "2023-09-03T17:00:00Z", "end_period": "2023-09-03T17:59:00Z", "preference": 3}}, {"model": "calendars.availability", "pk": 184, "fields": {"calendar": 3, "user": 2, "start_period": "2023-09-03T22:00:00Z", "end_period": "2023-09-03T22:59:00Z", "preference": 3}}, {"model": "calendars.availability", "pk": 185, "fields": {"calendar": 3, "user": 2, "start_period": "2023-09-04T00:00:00Z", "end_period": "2023-09-04T00:59:00Z", "preference": 3}}, {"model": "calendars.availability", "pk": 186, "fields": {"calendar": 3, "user": 2, "start_period": "2023-09-03T23:00:00Z", "end_period": "2023-09-03T23:59:00Z", "preference": 3}}, {"model": "calendars.availability", "pk": 187, "fields": {"calendar": 3, "user": 2, "start_period": "2023-09-04T01:00:00Z", "end_period": "2023-09-04T01:59:00Z", "preference": 3}}, {"model": "calendars.availability", "pk": 188, "fields": {"calendar": 3, "user": 2, "start_period": "2023-09-02T13:00:00Z", "end_period": "2023-09-02T13:59:00Z", "preference": 3}}, {"model": "calendars.availability", "pk": 189, "fields": {"calendar": 3, "user": 2, "start_period": "2023-09-02T16:00:00Z", "end_period": "2023-09-02T16:59:00Z", "preference": 3}}, {"model": "calendars.availability", "pk": 190, "fields": {"calendar": 3, "user": 2, "start_period": "2023-09-02T14:00:00Z", "end_period": "2023-09-02T14:59:00Z", "preference": 3}}, {"model": "calendars.availability", "pk": 191, "fields": {"calendar": 3, "user": 2, "start_period": "2023-09-02T19:00:00Z", "end_period": "2023-09-02T19:59:00Z", "preference": 3}}, {"model": "calendars.availability", "pk": 192, "fields": {"calendar": 3, "user": 2, "start_period": "2023-09-02T15:00:00Z", "end_period": "2023-09-02T15:59:00Z", "preference": 3}}, {"model": "calendars.availability", "pk": 193, "fields": {"calendar": 3, "user": 2, "start_period": "2023-09-02T20:00:00Z", "end_period": "2023-09-02T20:59:00Z", "preference": 3}}, {"model": "calendars.availability", "pk": 194, "fields": {"calendar": 3, "user": 2, "start_period": "2023-09-02T21:00:00Z", "end_period": "2023-09-02T21:59:00Z", "preference": 3}}, {"model": "calendars.availability", "pk": 195, "fields": {"calendar": 3, "user": 2, "start_period": "2023-09-02T22:00:00Z", "end_period": "2023-09-02T22:59:00Z", "preference": 3}}, {"model": "calendars.availability", "pk": 196, "fields": {"calendar": 3, "user": 2, "start_period": "2023-09-02T23:00:00Z", "end_period": "2023-09-02T23:59:00Z", "preference": 3}}, {"model": "calendars.availability", "pk": 197, "fields": {"calendar": 3, "user": 2, "start_period": "2023-09-02T18:00:00Z", "end_period": "2023-09-02T18:59:00Z", "preference": 3}}, {"model": "calendars.availability", "pk": 198, "fields": {"calendar": 3, "user": 2, "start_period": "2023-09-03T01:00:00Z", "end_period": "2023-09-03T01:59:00Z", "preference": 3}}, {"model": "calendars.availability", "pk": 199, "fields": {"calendar": 3, "user": 2, "start_period": "2023-09-02T17:00:00Z", "end_period": "2023-09-02T17:59:00Z", "preference": 3}}, {"model": "calendars.availability", "pk": 200, "fields": {"calendar": 3, "user": 2, "start_period": "2023-09-03T00:00:00Z", "end_period": "2023-09-03T00:59:00Z", "preference": 3}}, {"model": "calendars.availability", "pk": 201, "fields": {"calendar": 4, "user": 4, "start_period": "2024-04-21T14:00:00Z", "end_period": "2024-04-21T14:59:00Z", "preference": 3}}, {"model": "calendars.availability", "pk": 202, "fields": {"calendar": 4, "user": 4, "start_period": "2024-04-21T13:00:00Z", "end_period": "2024-04-21T13:59:00Z", "preference": 3}}, {"model": "calendars.availability", "pk": 203, "fields": {"calendar": 4, "user": 4, "start_period": "2024-04-21T15:00:00Z", "end_period": "2024-04-21T15:59:00Z", "preference": 3}}, {"model": "calendars.availability", "pk": 204, "fields": {"calendar": 4, "user": 4, "start_period": "2024-04-20T14:00:00Z", "end_period": "2024-04-20T14:59:00Z", "preference": 3}}, {"model": "calendars.availability", "pk": 205, "fields": {"calendar": 4, "user": 4, "start_period": "2024-04-20T15:00:00Z", "end_period": "2024-04-20T15:59:00Z", "preference": 3}}, {"model": "calendars.availability", "pk": 206, "fields": {"calendar": 4, "user": 4, "start_period": "2024-04-20T13:00:00Z", "end_period": "2024-04-20T13:59:00Z", "preference": 3}}, {"model": "calendars.availability", "pk": 207, "fields": {"calendar": 4, "user": 4, "start_period": "2024-04-20T17:00:00Z", "end_period": "2024-04-20T17:59:00Z", "preference": 3}}, {"model": "calendars.availability", "pk": 208, "fields": {"calendar": 4, "user": 4, "start_period": "2024-04-21T16:00:00Z", "end_period": "2024-04-21T16:59:00Z", "preference": 3}}, {"model": "calendars.availability", "pk": 209, "fields": {"calendar": 4, "user": 4, "start_period": "2024-04-21T17:00:00Z", "end_period": "2024-04-21T17:59:00Z", "preference": 3}}, {"model": "calendars.availability", "pk": 210, "fields": {"calendar": 4, "user": 4, "start_period": "2024-04-20T18:00:00Z", "end_period": "2024-04-20T18:59:00Z", "preference": 3}}, {"model": "calendars.availability", "pk": 211, "fields": {"calendar": 4, "user": 4, "start_period": "2024-04-20T19:00:00Z", "end_period": "2024-04-20T19:59:00Z", "preference": 3}}, {"model": "calendars.availability", "pk": 212, "fields": {"calendar": 4, "user": 4, "start_period": "2024-04-20T20:00:00Z", "end_period": "2024-04-20T20:59:00Z", "preference": 3}}, {"model": "calendars.availability", "pk": 213, "fields": {"calendar": 4, "user": 4, "start_period": "2024-04-21T18:00:00Z", "end_period": "2024-04-21T18:59:00Z", "preference": 3}}, {"model": "calendars.availability", "pk": 214, "fields": {"calendar": 4, "user": 4, "start_period": "2024-04-21T19:00:00Z", "end_period": "2024-04-21T19:59:00Z", "preference": 3}}, {"model": "calendars.availability", "pk": 215, "fields": {"calendar": 4, "user": 4, "start_period": "2024-04-21T21:00:00Z", "end_period": "2024-04-21T21:59:00Z", "preference": 3}}, {"model": "calendars.availability", "pk": 216, "fields": {"calendar": 4, "user": 4, "start_period": "2024-04-21T20:00:00Z", "end_period": "2024-04-21T20:59:00Z", "preference": 3}}, {"model": "calendars.availability", "pk": 217, "fields": {"calendar": 4, "user": 4, "start_period": "2024-04-20T22:00:00Z", "end_period": "2024-04-20T22:59:00Z", "preference": 3}}, {"model": "calendars.availability", "pk": 218, "fields": {"calendar": 4, "user": 4, "start_period": "2024-04-20T21:00:00Z", "end_period": "2024-04-20T21:59:00Z", "preference": 3}}, {"model": "calendars.availability", "pk": 219, "fields": {"calendar": 4, "user": 4, "start_period": "2024-04-20T23:00:00Z", "end_period": "2024-04-20T23:59:00Z", "preference": 3}}, {"model": "calendars.availability", "pk": 220, "fields": {"calendar": 4, "user": 4, "start_period": "2024-04-21T23:00:00Z", "end_period": "2024-04-21T23:59:00Z", "preference": 3}}, {"model": "calendars.availability", "pk": 221, "fields": {"calendar": 4, "user": 4, "start_period": "2024-04-21T00:00:00Z", "end_period": "2024-04-21T00:59:00Z", "preference": 3}}, {"model": "calendars.availability", "pk": 222, "fields": {"calendar": 4, "user": 4, "start_period": "2024-04-21T22:00:00Z", "end_period": "2024-04-21T22:59:00Z", "preference": 3}}, {"model": "calendars.availability", "pk": 223, "fields": {"calendar": 4, "user": 4, "start_period": "2024-04-22T00:00:00Z", "end_period": "2024-04-22T00:59:00Z", "preference": 3}}, {"model": "calendars.availability", "pk": 224, "fields": {"calendar": 4, "user": 4, "start_period": "2024-04-25T13:00:00Z", "end_period": "2024-04-25T13:59:00Z", "preference": 3}}, {"model": "calendars.availability", "pk": 225, "fields": {"calendar": 4, "user": 4, "start_period": "2024-04-21T01:00:00Z", "end_period": "2024-04-21T01:59:00Z", "preference": 3}}, {"model": "calendars.availability", "pk": 226, "fields": {"calendar": 4, "user": 4, "start_period": "2024-04-22T01:00:00Z", "end_period": "2024-04-22T01:59:00Z", "preference": 3}}, {"model": "calendars.availability", "pk": 227, "fields": {"calendar": 4, "user": 4, "start_period": "2024-04-24T13:00:00Z", "end_period": "2024-04-24T13:59:00Z", "preference": 3}}, {"model": "calendars.availability", "pk": 228, "fields": {"calendar": 4, "user": 4, "start_period": "2024-04-20T16:00:00Z", "end_period": "2024-04-20T16:59:00Z", "preference": 3}}, {"model": "calendars.availability", "pk": 229, "fields": {"calendar": 4, "user": 4, "start_period": "2024-04-23T13:00:00Z", "end_period": "2024-04-23T13:59:00Z", "preference": 3}}, {"model": "calendars.availability", "pk": 230, "fields": {"calendar": 4, "user": 4, "start_period": "2024-04-22T13:00:00Z", "end_period": "2024-04-22T13:59:00Z", "preference": 3}}, {"model": "calendars.availability", "pk": 231, "fields": {"calendar": 4, "user": 4, "start_period": "2024-04-23T14:00:00Z", "end_period": "2024-04-23T14:59:00Z", "preference": 3}}, {"model": "calendars.availability", "pk": 232, "fields": {"calendar": 4, "user": 4, "start_period": "2024-04-22T14:00:00Z", "end_period": "2024-04-22T14:59:00Z", "preference": 3}}, {"model": "calendars.availability", "pk": 233, "fields": {"calendar": 4, "user": 4, "start_period": "2024-04-25T15:00:00Z", "end_period": "2024-04-25T15:59:00Z", "preference": 3}}, {"model": "calendars.availability", "pk": 234, "fields": {"calendar": 4, "user": 4, "start_period": "2024-04-25T14:00:00Z", "end_period": "2024-04-25T14:59:00Z", "preference": 3}}, {"model": "calendars.availability", "pk": 235, "fields": {"calendar": 4, "user": 4, "start_period": "2024-04-24T15:00:00Z", "end_period": "2024-04-24T15:59:00Z", "preference": 3}}, {"model": "calendars.availability", "pk": 236, "fields": {"calendar": 4, "user": 4, "start_period": "2024-04-22T15:00:00Z", "end_period": "2024-04-22T15:59:00Z", "preference": 3}}, {"model": "calendars.availability", "pk": 237, "fields": {"calendar": 4, "user": 4, "start_period": "2024-04-23T15:00:00Z", "end_period": "2024-04-23T15:59:00Z", "preference": 3}}, {"model": "calendars.availability", "pk": 238, "fields": {"calendar": 4, "user": 4, "start_period": "2024-04-24T14:00:00Z", "end_period": "2024-04-24T14:59:00Z", "preference": 3}}, {"model": "calendars.availability", "pk": 239, "fields": {"calendar": 4, "user": 4, "start_period": "2024-04-24T17:00:00Z", "end_period": "2024-04-24T17:59:00Z", "preference": 3}}, {"model": "calendars.availability", "pk": 240, "fields": {"calendar": 4, "user": 4, "start_period": "2024-04-24T16:00:00Z", "end_period": "2024-04-24T16:59:00Z", "preference": 3}}, {"model": "calendars.availability", "pk": 241, "fields": {"calendar": 4, "user": 4, "start_period": "2024-04-22T16:00:00Z", "end_period": "2024-04-22T16:59:00Z", "preference": 3}}, {"model": "calendars.availability", "pk": 242, "fields": {"calendar": 4, "user": 4, "start_period": "2024-04-23T16:00:00Z", "end_period": "2024-04-23T16:59:00Z", "preference": 3}}, {"model": "calendars.availability", "pk": 243, "fields": {"calendar": 4, "user": 4, "start_period": "2024-04-25T17:00:00Z", "end_period": "2024-04-25T17:59:00Z", "preference": 3}}, {"model": "calendars.availability", "pk": 244, "fields": {"calendar": 4, "user": 4, "start_period": "2024-04-22T17:00:00Z", "end_period": "2024-04-22T17:59:00Z", "preference": 3}}, {"model": "calendars.availability", "pk": 245, "fields": {"calendar": 4, "user": 4, "start_period": "2024-04-23T17:00:00Z", "end_period": "2024-04-23T17:59:00Z", "preference": 3}}, {"model": "calendars.availability", "pk": 246, "fields": {"calendar": 4, "user": 4, "start_period": "2024-04-22T18:00:00Z", "end_period": "2024-04-22T18:59:00Z", "preference": 3}}, {"model": "calendars.availability", "pk": 247, "fields": {"calendar": 4, "user": 4, "start_period": "2024-04-23T18:00:00Z", "end_period": "2024-04-23T18:59:00Z", "preference": 3}}, {"model": "calendars.availability", "pk": 248, "fields": {"calendar": 4, "user": 4, "start_period": "2024-04-25T16:00:00Z", "end_period": "2024-04-25T16:59:00Z", "preference": 3}}, {"model": "calendars.availability", "pk": 249, "fields": {"calendar": 4, "user": 4, "start_period": "2024-04-25T18:00:00Z", "end_period": "2024-04-25T18:59:00Z", "preference": 3}}, {"model": "calendars.availability", "pk": 250, "fields": {"calendar": 4, "user": 4, "start_period": "2024-04-25T19:00:00Z", "end_period": "2024-04-25T19:59:00Z", "preference": 3}}, {"model": "calendars.availability", "pk": 251, "fields": {"calendar": 4, "user": 4, "start_period": "2024-04-24T18:00:00Z", "end_period": "2024-04-24T18:59:00Z", "preference": 3}}, {"model": "calendars.availability", "pk": 252, "fields": {"calendar": 4, "user": 4, "start_period": "2024-04-22T19:00:00Z", "end_period": "2024-04-22T19:59:00Z", "preference": 3}}, {"model": "calendars.availability", "pk": 253, "fields": {"calendar": 4, "user": 4, "start_period": "2024-04-23T19:00:00Z", "end_period": "2024-04-23T19:59:00Z", "preference": 3}}, {"model": "calendars.availability", "pk": 254, "fields": {"calendar": 4, "user": 4, "start_period": "2024-04-24T19:00:00Z", "end_period": "2024-04-24T19:59:00Z", "preference": 3}}, {"model": "calendars.availability", "pk": 255, "fields": {"calendar": 4, "user": 4, "start_period": "2024-04-22T20:00:00Z", "end_period": "2024-04-22T20:59:00Z", "preference": 3}}, {"model": "calendars.availability", "pk": 256, "fields": {"calendar": 4, "user": 4, "start_period": "2024-04-23T22:00:00Z", "end_period": "2024-04-23T22:59:00Z", "preference": 3}}, {"model": "calendars.availability", "pk": 257, "fields": {"calendar": 4, "user": 4, "start_period": "2024-04-23T21:00:00Z", "end_period": "2024-04-23T21:59:00Z", "preference": 3}}, {"model": "calendars.availability", "pk": 258, "fields": {"calendar": 4, "user": 4, "start_period": "2024-04-23T20:00:00Z", "end_period": "2024-04-23T20:59:00Z", "preference": 3}}, {"model": "calendars.availability", "pk": 259, "fields": {"calendar": 4, "user": 4, "start_period": "2024-04-22T23:00:00Z", "end_period": "2024-04-22T23:59:00Z", "preference": 3}}, {"model": "calendars.availability", "pk": 260, "fields": {"calendar": 4, "user": 4, "start_period": "2024-04-22T22:00:00Z", "end_period": "2024-04-22T22:59:00Z", "preference": 3}}, {"model": "calendars.availability", "pk": 261, "fields": {"calendar": 4, "user": 4, "start_period": "2024-04-23T00:00:00Z", "end_period": "2024-04-23T00:59:00Z", "preference": 3}}, {"model": "calendars.availability", "pk": 262, "fields": {"calendar": 4, "user": 4, "start_period": "2024-04-24T00:00:00Z", "end_period": "2024-04-24T00:59:00Z", "preference": 3}}, {"model": "calendars.availability", "pk": 263, "fields": {"calendar": 4, "user": 4, "start_period": "2024-04-22T21:00:00Z", "end_period": "2024-04-22T21:59:00Z", "preference": 3}}, {"model": "calendars.availability", "pk": 264, "fields": {"calendar": 4, "user": 4, "start_period": "2024-04-24T01:00:00Z", "end_period": "2024-04-24T01:59:00Z", "preference": 3}}, {"model": "calendars.availability", "pk": 265, "fields": {"calendar": 4, "user": 4, "start_period": "2024-04-23T01:00:00Z", "end_period": "2024-04-23T01:59:00Z", "preference": 3}}, {"model": "calendars.availability", "pk": 266, "fields": {"calendar": 4, "user": 4, "start_period": "2024-04-25T01:00:00Z", "end_period": "2024-04-25T01:59:00Z", "preference": 3}}, {"model": "calendars.availability", "pk": 267, "fields": {"calendar": 4, "user": 4, "start_period": "2024-04-24T23:00:00Z", "end_period": "2024-04-24T23:59:00Z", "preference": 3}}, {"model": "calendars.availability", "pk": 268, "fields": {"calendar": 4, "user": 4, "start_period": "2024-04-25T00:00:00Z", "end_period": "2024-04-25T00:59:00Z", "preference": 3}}, {"model": "calendars.availability", "pk": 269, "fields": {"calendar": 4, "user": 4, "start_period": "2024-04-24T20:00:00Z", "end_period": "2024-04-24T20:59:00Z", "preference": 3}}, {"model": "calendars.availability", "pk": 270, "fields": {"calendar": 4, "user": 4, "start_period": "2024-04-24T22:00:00Z", "end_period": "2024-04-24T22:59:00Z", "preference": 3}}, {"model": "calendars.availability", "pk": 271, "fields": {"calendar": 4, "user": 4, "start_period": "2024-04-25T20:00:00Z", "end_period": "2024-04-25T20:59:00Z", "preference": 3}}, {"model": "calendars.availability", "pk": 272, "fields": {"calendar": 4, "user": 4, "start_period": "2024-04-25T21:00:00Z", "end_period": "2024-04-25T21:59:00Z", "preference": 3}}, {"model": "calendars.availability", "pk": 273, "fields": {"calendar": 4, "user": 4, "start_period": "2024-04-25T22:00:00Z", "end_period": "2024-04-25T22:59:00Z", "preference": 3}}, {"model": "calendars.availability", "pk": 274, "fields": {"calendar": 4, "user": 4, "start_period": "2024-04-25T23:00:00Z", "end_period": "2024-04-25T23:59:00Z", "preference": 3}}, {"model": "calendars.availability", "pk": 275, "fields": {"calendar": 4, "user": 4, "start_period": "2024-04-26T00:00:00Z", "end_period": "2024-04-26T00:59:00Z", "preference": 3}}, {"model": "calendars.availability", "pk": 276, "fields": {"calendar": 4, "user": 4, "start_period": "2024-04-26T01:00:00Z", "end_period": "2024-04-26T01:59:00Z", "preference": 3}}, {"model": "calendars.availability", "pk": 277, "fields": {"calendar": 4, "user": 4, "start_period": "2024-04-24T21:00:00Z", "end_period": "2024-04-24T21:59:00Z", "preference": 3}}, {"model": "calendars.availability", "pk": 278, "fields": {"calendar": 4, "user": 4, "start_period": "2024-04-23T23:00:00Z", "end_period": "2024-04-23T23:59:00Z", "preference": 3}}, {"model": "calendars.availability", "pk": 279, "fields": {"calendar": 4, "user": 1, "start_period": "2024-04-21T15:00:00Z", "end_period": "2024-04-21T15:59:00Z", "preference": 3}}, {"model": "calendars.availability", "pk": 280, "fields": {"calendar": 4, "user": 1, "start_period": "2024-04-21T13:00:00Z", "end_period": "2024-04-21T13:59:00Z", "preference": 3}}, {"model": "calendars.availability", "pk": 281, "fields": {"calendar": 4, "user": 1, "start_period": "2024-04-20T13:00:00Z", "end_period": "2024-04-20T13:59:00Z", "preference": 3}}, {"model": "calendars.availability", "pk": 282, "fields": {"calendar": 4, "user": 1, "start_period": "2024-04-21T14:00:00Z", "end_period": "2024-04-21T14:59:00Z", "preference": 3}}, {"model": "calendars.availability", "pk": 283, "fields": {"calendar": 4, "user": 1, "start_period": "2024-04-20T16:00:00Z", "end_period": "2024-04-20T16:59:00Z", "preference": 3}}, {"model": "calendars.availability", "pk": 284, "fields": {"calendar": 4, "user": 1, "start_period": "2024-04-20T17:00:00Z", "end_period": "2024-04-20T17:59:00Z", "preference": 3}}, {"model": "calendars.availability", "pk": 285, "fields": {"calendar": 4, "user": 1, "start_period": "2024-04-21T16:00:00Z", "end_period": "2024-04-21T16:59:00Z", "preference": 3}}, {"model": "calendars.availability", "pk": 286, "fields": {"calendar": 4, "user": 1, "start_period": "2024-04-21T17:00:00Z", "end_period": "2024-04-21T17:59:00Z", "preference": 3}}, {"model": "calendars.availability", "pk": 287, "fields": {"calendar": 4, "user": 1, "start_period": "2024-04-20T19:00:00Z", "end_period": "2024-04-20T19:59:00Z", "preference": 3}}, {"model": "calendars.availability", "pk": 288, "fields": {"calendar": 4, "user": 1, "start_period": "2024-04-21T18:00:00Z", "end_period": "2024-04-21T18:59:00Z", "preference": 3}}, {"model": "calendars.availability", "pk": 289, "fields": {"calendar": 4, "user": 1, "start_period": "2024-04-20T15:00:00Z", "end_period": "2024-04-20T15:59:00Z", "preference": 3}}, {"model": "calendars.availability", "pk": 290, "fields": {"calendar": 4, "user": 1, "start_period": "2024-04-21T19:00:00Z", "end_period": "2024-04-21T19:59:00Z", "preference": 3}}, {"model": "calendars.availability", "pk": 291, "fields": {"calendar": 4, "user": 1, "start_period": "2024-04-20T20:00:00Z", "end_period": "2024-04-20T20:59:00Z", "preference": 3}}, {"model": "calendars.availability", "pk": 292, "fields": {"calendar": 4, "user": 1, "start_period": "2024-04-20T18:00:00Z", "end_period": "2024-04-20T18:59:00Z", "preference": 3}}, {"model": "calendars.availability", "pk": 293, "fields": {"calendar": 4, "user": 1, "start_period": "2024-04-21T21:00:00Z", "end_period": "2024-04-21T21:59:00Z", "preference": 3}}, {"model": "calendars.availability", "pk": 294, "fields": {"calendar": 4, "user": 1, "start_period": "2024-04-20T21:00:00Z", "end_period": "2024-04-20T21:59:00Z", "preference": 3}}, {"model": "calendars.availability", "pk": 295, "fields": {"calendar": 4, "user": 1, "start_period": "2024-04-21T20:00:00Z", "end_period": "2024-04-21T20:59:00Z", "preference": 3}}, {"model": "calendars.availability", "pk": 296, "fields": {"calendar": 4, "user": 1, "start_period": "2024-04-20T22:00:00Z", "end_period": "2024-04-20T22:59:00Z", "preference": 3}}, {"model": "calendars.availability", "pk": 297, "fields": {"calendar": 4, "user": 1, "start_period": "2024-04-21T22:00:00Z", "end_period": "2024-04-21T22:59:00Z", "preference": 3}}, {"model": "calendars.availability", "pk": 298, "fields": {"calendar": 4, "user": 1, "start_period": "2024-04-21T23:00:00Z", "end_period": "2024-04-21T23:59:00Z", "preference": 3}}, {"model": "calendars.availability", "pk": 299, "fields": {"calendar": 4, "user": 1, "start_period": "2024-04-20T14:00:00Z", "end_period": "2024-04-20T14:59:00Z", "preference": 3}}, {"model": "calendars.availability", "pk": 300, "fields": {"calendar": 4, "user": 1, "start_period": "2024-04-21T01:00:00Z", "end_period": "2024-04-21T01:59:00Z", "preference": 3}}, {"model": "calendars.availability", "pk": 301, "fields": {"calendar": 4, "user": 1, "start_period": "2024-04-21T00:00:00Z", "end_period": "2024-04-21T00:59:00Z", "preference": 3}}, {"model": "calendars.availability", "pk": 302, "fields": {"calendar": 4, "user": 1, "start_period": "2024-04-22T00:00:00Z", "end_period": "2024-04-22T00:59:00Z", "preference": 3}}, {"model": "calendars.availability", "pk": 303, "fields": {"calendar": 4, "user": 1, "start_period": "2024-04-20T23:00:00Z", "end_period": "2024-04-20T23:59:00Z", "preference": 3}}, {"model": "calendars.availability", "pk": 304, "fields": {"calendar": 4, "user": 1, "start_period": "2024-04-22T01:00:00Z", "end_period": "2024-04-22T01:59:00Z", "preference": 3}}, {"model": "calendars.availability", "pk": 305, "fields": {"calendar": 4, "user": 1, "start_period": "2024-04-23T00:00:00Z", "end_period": "2024-04-23T00:59:00Z", "preference": 1}}, {"model": "calendars.availability", "pk": 306, "fields": {"calendar": 4, "user": 1, "start_period": "2024-04-23T01:00:00Z", "end_period": "2024-04-23T01:59:00Z", "preference": 1}}, {"model": "calendars.availability", "pk": 307, "fields": {"calendar": 4, "user": 1, "start_period": "2024-04-22T23:00:00Z", "end_period": "2024-04-22T23:59:00Z", "preference": 1}}, {"model": "calendars.availability", "pk": 308, "fields": {"calendar": 4, "user": 1, "start_period": "2024-04-22T22:00:00Z", "end_period": "2024-04-22T22:59:00Z", "preference": 1}}, {"model": "calendars.availability", "pk": 309, "fields": {"calendar": 4, "user": 1, "start_period": "2024-04-23T23:00:00Z", "end_period": "2024-04-23T23:59:00Z", "preference": 1}}, {"model": "calendars.availability", "pk": 310, "fields": {"calendar": 4, "user": 1, "start_period": "2024-04-24T00:00:00Z", "end_period": "2024-04-24T00:59:00Z", "preference": 1}}, {"model": "calendars.availability", "pk": 311, "fields": {"calendar": 4, "user": 1, "start_period": "2024-04-25T01:00:00Z", "end_period": "2024-04-25T01:59:00Z", "preference": 1}}, {"model": "calendars.availability", "pk": 312, "fields": {"calendar": 4, "user": 1, "start_period": "2024-04-24T01:00:00Z", "end_period": "2024-04-24T01:59:00Z", "preference": 1}}, {"model": "calendars.availability", "pk": 313, "fields": {"calendar": 4, "user": 1, "start_period": "2024-04-24T22:00:00Z", "end_period": "2024-04-24T22:59:00Z", "preference": 1}}, {"model": "calendars.availability", "pk": 314, "fields": {"calendar": 4, "user": 1, "start_period": "2024-04-24T23:00:00Z", "end_period": "2024-04-24T23:59:00Z", "preference": 1}}, {"model": "calendars.availability", "pk": 315, "fields": {"calendar": 4, "user": 1, "start_period": "2024-04-23T22:00:00Z", "end_period": "2024-04-23T22:59:00Z", "preference": 1}}, {"model": "calendars.availability", "pk": 316, "fields": {"calendar": 4, "user": 1, "start_period": "2024-04-25T23:00:00Z", "end_period": "2024-04-25T23:59:00Z", "preference": 1}}, {"model": "calendars.availability", "pk": 317, "fields": {"calendar": 4, "user": 1, "start_period": "2024-04-25T22:00:00Z", "end_period": "2024-04-25T22:59:00Z", "preference": 1}}, {"model": "calendars.availability", "pk": 318, "fields": {"calendar": 4, "user": 1, "start_period": "2024-04-25T00:00:00Z", "end_period": "2024-04-25T00:59:00Z", "preference": 1}}, {"model": "calendars.availability", "pk": 319, "fields": {"calendar": 4, "user": 1, "start_period": "2024-04-26T00:00:00Z", "end_period": "2024-04-26T00:59:00Z", "preference": 1}}, {"model": "calendars.availability", "pk": 320, "fields": {"calendar": 4, "user": 1, "start_period": "2024-04-26T01:00:00Z", "end_period": "2024-04-26T01:59:00Z", "preference": 1}}, {"model": "calendars.availability", "pk": 321, "fields": {"calendar": 5, "user": 3, "start_period": "2024-02-03T14:00:00Z", "end_period": "2024-02-03T14:59:00Z", "preference": 3}}, {"model": "calendars.availability", "pk": 322, "fields": {"calendar": 5, "user": 3, "start_period": "2024-02-04T14:00:00Z", "end_period": "2024-02-04T14:59:00Z", "preference": 3}}, {"model": "calendars.availability", "pk": 323, "fields": {"calendar": 5, "user": 3, "start_period": "2024-02-03T17:00:00Z", "end_period": "2024-02-03T17:59:00Z", "preference": 3}}, {"model": "calendars.availability", "pk": 324, "fields": {"calendar": 5, "user": 3, "start_period": "2024-02-03T16:00:00Z", "end_period": "2024-02-03T16:59:00Z", "preference": 3}}, {"model": "calendars.availability", "pk": 325, "fields": {"calendar": 5, "user": 3, "start_period": "2024-02-04T17:00:00Z", "end_period": "2024-02-04T17:59:00Z", "preference": 3}}, {"model": "calendars.availability", "pk": 326, "fields": {"calendar": 5, "user": 3, "start_period": "2024-02-04T16:00:00Z", "end_period": "2024-02-04T16:59:00Z", "preference": 3}}, {"model": "calendars.availability", "pk": 327, "fields": {"calendar": 5, "user": 3, "start_period": "2024-02-03T18:00:00Z", "end_period": "2024-02-03T18:59:00Z", "preference": 3}}, {"model": "calendars.availability", "pk": 328, "fields": {"calendar": 5, "user": 3, "start_period": "2024-02-03T15:00:00Z", "end_period": "2024-02-03T15:59:00Z", "preference": 3}}, {"model": "calendars.availability", "pk": 329, "fields": {"calendar": 5, "user": 3, "start_period": "2024-02-04T18:00:00Z", "end_period": "2024-02-04T18:59:00Z", "preference": 3}}, {"model": "calendars.availability", "pk": 330, "fields": {"calendar": 5, "user": 3, "start_period": "2024-02-04T15:00:00Z", "end_period": "2024-02-04T15:59:00Z", "preference": 3}}, {"model": "calendars.availability", "pk": 331, "fields": {"calendar": 5, "user": 3, "start_period": "2024-02-04T19:00:00Z", "end_period": "2024-02-04T19:59:00Z", "preference": 3}}, {"model": "calendars.availability", "pk": 332, "fields": {"calendar": 5, "user": 3, "start_period": "2024-02-03T20:00:00Z", "end_period": "2024-02-03T20:59:00Z", "preference": 3}}, {"model": "calendars.availability", "pk": 333, "fields": {"calendar": 5, "user": 3, "start_period": "2024-02-04T20:00:00Z", "end_period": "2024-02-04T20:59:00Z", "preference": 3}}, {"model": "calendars.availability", "pk": 334, "fields": {"calendar": 5, "user": 3, "start_period": "2024-02-04T22:00:00Z", "end_period": "2024-02-04T22:59:00Z", "preference": 3}}, {"model": "calendars.availability", "pk": 335, "fields": {"calendar": 5, "user": 3, "start_period": "2024-02-04T21:00:00Z", "end_period": "2024-02-04T21:59:00Z", "preference": 3}}, {"model": "calendars.availability", "pk": 336, "fields": {"calendar": 5, "user": 3, "start_period": "2024-02-03T21:00:00Z", "end_period": "2024-02-03T21:59:00Z", "preference": 3}}, {"model": "calendars.availability", "pk": 337, "fields": {"calendar": 5, "user": 3, "start_period": "2024-02-03T22:00:00Z", "end_period": "2024-02-03T22:59:00Z", "preference": 3}}, {"model": "calendars.availability", "pk": 338, "fields": {"calendar": 5, "user": 3, "start_period": "2024-02-03T23:00:00Z", "end_period": "2024-02-03T23:59:00Z", "preference": 3}}, {"model": "calendars.availability", "pk": 339, "fields": {"calendar": 5, "user": 3, "start_period": "2024-02-03T19:00:00Z", "end_period": "2024-02-03T19:59:00Z", "preference": 3}}, {"model": "calendars.availability", "pk": 340, "fields": {"calendar": 5, "user": 3, "start_period": "2024-02-04T01:00:00Z", "end_period": "2024-02-04T01:59:00Z", "preference": 3}}, {"model": "calendars.availability", "pk": 341, "fields": {"calendar": 5, "user": 3, "start_period": "2024-02-05T00:00:00Z", "end_period": "2024-02-05T00:59:00Z", "preference": 3}}, {"model": "calendars.availability", "pk": 342, "fields": {"calendar": 5, "user": 3, "start_period": "2024-02-05T01:00:00Z", "end_period": "2024-02-05T01:59:00Z", "preference": 3}}, {"model": "calendars.availability", "pk": 343, "fields": {"calendar": 5, "user": 3, "start_period": "2024-02-04T00:00:00Z", "end_period": "2024-02-04T00:59:00Z", "preference": 3}}, {"model": "calendars.availability", "pk": 344, "fields": {"calendar": 5, "user": 3, "start_period": "2024-02-05T02:00:00Z", "end_period": "2024-02-05T02:59:00Z", "preference": 3}}, {"model": "calendars.availability", "pk": 345, "fields": {"calendar": 5, "user": 3, "start_period": "2024-02-04T23:00:00Z", "end_period": "2024-02-04T23:59:00Z", "preference": 3}}, {"model": "calendars.availability", "pk": 346, "fields": {"calendar": 5, "user": 3, "start_period": "2024-02-11T14:00:00Z", "end_period": "2024-02-11T14:59:00Z", "preference": 3}}, {"model": "calendars.availability", "pk": 347, "fields": {"calendar": 5, "user": 3, "start_period": "2024-02-04T02:00:00Z", "end_period": "2024-02-04T02:59:00Z", "preference": 3}}, {"model": "calendars.availability", "pk": 348, "fields": {"calendar": 5, "user": 3, "start_period": "2024-02-11T15:00:00Z", "end_period": "2024-02-11T15:59:00Z", "preference": 3}}, {"model": "calendars.availability", "pk": 349, "fields": {"calendar": 5, "user": 3, "start_period": "2024-02-10T15:00:00Z", "end_period": "2024-02-10T15:59:00Z", "preference": 3}}, {"model": "calendars.availability", "pk": 350, "fields": {"calendar": 5, "user": 3, "start_period": "2024-02-10T14:00:00Z", "end_period": "2024-02-10T14:59:00Z", "preference": 3}}, {"model": "calendars.availability", "pk": 351, "fields": {"calendar": 5, "user": 3, "start_period": "2024-02-11T16:00:00Z", "end_period": "2024-02-11T16:59:00Z", "preference": 3}}, {"model": "calendars.availability", "pk": 352, "fields": {"calendar": 5, "user": 3, "start_period": "2024-02-10T18:00:00Z", "end_period": "2024-02-10T18:59:00Z", "preference": 3}}, {"model": "calendars.availability", "pk": 353, "fields": {"calendar": 5, "user": 3, "start_period": "2024-02-11T17:00:00Z", "end_period": "2024-02-11T17:59:00Z", "preference": 3}}, {"model": "calendars.availability", "pk": 354, "fields": {"calendar": 5, "user": 3, "start_period": "2024-02-10T17:00:00Z", "end_period": "2024-02-10T17:59:00Z", "preference": 3}}, {"model": "calendars.availability", "pk": 355, "fields": {"calendar": 5, "user": 3, "start_period": "2024-02-11T19:00:00Z", "end_period": "2024-02-11T19:59:00Z", "preference": 3}}, {"model": "calendars.availability", "pk": 356, "fields": {"calendar": 5, "user": 3, "start_period": "2024-02-10T16:00:00Z", "end_period": "2024-02-10T16:59:00Z", "preference": 3}}, {"model": "calendars.availability", "pk": 357, "fields": {"calendar": 5, "user": 3, "start_period": "2024-02-11T18:00:00Z", "end_period": "2024-02-11T18:59:00Z", "preference": 3}}, {"model": "calendars.availability", "pk": 358, "fields": {"calendar": 5, "user": 3, "start_period": "2024-02-10T19:00:00Z", "end_period": "2024-02-10T19:59:00Z", "preference": 3}}, {"model": "calendars.availability", "pk": 359, "fields": {"calendar": 5, "user": 3, "start_period": "2024-02-11T20:00:00Z", "end_period": "2024-02-11T20:59:00Z", "preference": 3}}, {"model": "calendars.availability", "pk": 360, "fields": {"calendar": 5, "user": 3, "start_period": "2024-02-10T21:00:00Z", "end_period": "2024-02-10T21:59:00Z", "preference": 3}}, {"model": "calendars.availability", "pk": 361, "fields": {"calendar": 5, "user": 3, "start_period": "2024-02-11T22:00:00Z", "end_period": "2024-02-11T22:59:00Z", "preference": 3}}, {"model": "calendars.availability", "pk": 362, "fields": {"calendar": 5, "user": 3, "start_period": "2024-02-10T22:00:00Z", "end_period": "2024-02-10T22:59:00Z", "preference": 3}}, {"model": "calendars.availability", "pk": 363, "fields": {"calendar": 5, "user": 3, "start_period": "2024-02-11T23:00:00Z", "end_period": "2024-02-11T23:59:00Z", "preference": 3}}, {"model": "calendars.availability", "pk": 364, "fields": {"calendar": 5, "user": 3, "start_period": "2024-02-10T20:00:00Z", "end_period": "2024-02-10T20:59:00Z", "preference": 3}}, {"model": "calendars.availability", "pk": 365, "fields": {"calendar": 5, "user": 3, "start_period": "2024-02-10T23:00:00Z", "end_period": "2024-02-10T23:59:00Z", "preference": 3}}, {"model": "calendars.availability", "pk": 366, "fields": {"calendar": 5, "user": 3, "start_period": "2024-02-11T00:00:00Z", "end_period": "2024-02-11T00:59:00Z", "preference": 3}}, {"model": "calendars.availability", "pk": 367, "fields": {"calendar": 5, "user": 3, "start_period": "2024-02-11T21:00:00Z", "end_period": "2024-02-11T21:59:00Z", "preference": 3}}, {"model": "calendars.availability", "pk": 368, "fields": {"calendar": 5, "user": 3, "start_period": "2024-02-12T00:00:00Z", "end_period": "2024-02-12T00:59:00Z", "preference": 3}}, {"model": "calendars.availability", "pk": 369, "fields": {"calendar": 5, "user": 3, "start_period": "2024-02-12T01:00:00Z", "end_period": "2024-02-12T01:59:00Z", "preference": 3}}, {"model": "calendars.availability", "pk": 370, "fields": {"calendar": 5, "user": 3, "start_period": "2024-02-11T02:00:00Z", "end_period": "2024-02-11T02:59:00Z", "preference": 3}}, {"model": "calendars.availability", "pk": 371, "fields": {"calendar": 5, "user": 3, "start_period": "2024-02-11T01:00:00Z", "end_period": "2024-02-11T01:59:00Z", "preference": 3}}, {"model": "calendars.availability", "pk": 372, "fields": {"calendar": 5, "user": 3, "start_period": "2024-02-12T02:00:00Z", "end_period": "2024-02-12T02:59:00Z", "preference": 3}}, {"model": "calendars.invitee", "pk": 1, "fields": {"calendar": 1, "invitee": 3}}, {"model": "calendars.invitee", "pk": 2, "fields": {"calendar": 1, "invitee": 5}}, {"model": "calendars.invitee", "pk": 5, "fields": {"calendar": 3, "invitee": 2}}, {"model": "calendars.invitee", "pk": 6, "fields": {"calendar": 3, "invitee": 4}}, {"model": "calendars.invitee", "pk": 7, "fields": {"calendar": 4, "invitee": 1}}, {"model": "calendars.invitee", "pk": 8, "fields": {"calendar": 4, "invitee": 2}}, {"model": "calendars.invitee", "pk": 9, "fields": {"calendar": 5, "invitee": 1}}, {"model": "calendars.invitee", "pk": 10, "fields": {"calendar": 5, "invitee": 5}}, {"model": "calendars.meets", "pk": 1, "fields": {"calendar": 3, "meeter": 4, "start_period": "2023-09-01T14:00:00Z", "end_period": "2023-09-01T14:59:00Z"}}, {"model": "calendars.meets", "pk": 2, "fields": {"calendar": 3, "meeter": 2, "start_period": "2023-09-02T13:00:00Z", "end_period": "2023-09-02T13:59:00Z"}}, {"model": "accounts.profile", "pk": 1, "fields": {"user": 1, "profile_picture": ""}}, {"model": "accounts.profile", "pk": 2, "fields": {"user": 3, "profile_picture": ""}}, {"model": "accounts.profile", "pk": 3, "fields": {"user": 2, "profile_picture": ""}}, {"model": "accounts.profile", "pk": 4, "fields": {"user": 4, "profile_picture": ""}}, {"model": "accounts.profile", "pk": 5, "fields": {"user": 5, "profile_picture": ""}}]